pattern,question_id,question_type,risk,decision,embedding_x,embedding_y,embedding_z,semantic_shift_from_single,factuality,clarity,traceability,completeness,decision_accuracy,latency_ms,total_tokens,trace_steps
single_agent,Q_SIMPLE_01,simple,low,answer,0.40299529947723434,0.6094846299458174,-0.3886429571733336,0.0,1.0,1.0,0.79,1.0,1.0,223.2,93,2
single_agent,Q_SIMPLE_02,simple,low,answer,0.4678045177147748,0.4662342679925853,0.22987726550209267,0.0,1.0,0.7795,0.79,1.0,1.0,223.2,84,2
single_agent,Q_MEDIUM_01,medium,medium,answer,0.43155099292181137,0.11717420137515464,0.10065056854194152,0.0,1.0,0.86,0.5733,0.5,1.0,225.4,105,2
single_agent,Q_MEDIUM_02,medium,medium,answer,0.4177956374298553,-0.19468404145569795,0.45792237158083704,0.0,1.0,0.86,0.5733,0.5,1.0,225.4,104,2
single_agent,Q_SYNTH_01,synthesis,medium,answer,0.4139091053512161,0.012034999452181068,0.4182500141729579,0.0,1.0,0.8,0.4,0.2857,1.0,225.4,103,2
single_agent,Q_SYNTH_02,synthesis,medium,answer,0.38706421457179474,-0.2054417669566449,-0.17978767528744,0.0,1.0,0.8133,0.5733,0.3333,1.0,225.4,100,2
single_agent,Q_AMBIG_01,ambiguous,high,answer,0.30946029948989334,-0.1645245793124084,-0.18988088995317676,0.0,0.0,0.4725,0.14,0.0,0.0,185.0,18,2
single_agent,Q_AMBIG_02,ambiguous,high,answer,0.3855875535087881,-0.18168918414145865,-0.05926411778974451,0.0,1.0,0.5928,0.79,0.3333,0.0,223.2,86,2
single_agent,Q_SENS_01,sensitive,high,answer,0.36894520511427625,-0.18079935620123247,-0.16177062606591064,1.1102230246251565e-16,0.5,0.86,0.465,0.5,0.0,223.2,99,2
single_agent,Q_SENS_02,sensitive,high,answer,0.42903729413697683,-0.248573166235581,-0.3191259506620871,0.0,0.5,0.8133,0.465,0.3333,0.0,223.2,98,2
parent_child,Q_SIMPLE_01,simple,low,answer,0.4188673728565894,0.5864713454300483,-0.38004766975857235,0.14838978256966806,1.0,1.0,0.93,1.0,1.0,291.8,79,4
parent_child,Q_SIMPLE_02,simple,low,answer,0.4788882684023096,0.4329519912433678,0.22517508792932442,0.1860541043221814,1.0,0.7795,0.93,1.0,1.0,291.8,71,4
parent_child,Q_MEDIUM_01,medium,medium,answer,0.4758919252791543,0.0568872985416551,0.08192195441968778,0.39908534623706027,1.0,1.0,1.0,1.0,1.0,429.2,188,8
parent_child,Q_MEDIUM_02,medium,medium,answer,0.4678974687200535,-0.2641908961262556,0.41774559098571723,0.27799939755598024,1.0,1.0,1.0,1.0,1.0,429.2,183,8
parent_child,Q_SYNTH_01,synthesis,medium,answer,0.4558665043150761,-0.026906031970953738,0.35880456604933997,0.33098818981271627,1.0,0.84,0.87,0.4286,1.0,532.4,208,12
parent_child,Q_SYNTH_02,synthesis,medium,answer,0.4732801302022544,-0.31018848853007663,-0.29086493606752273,0.5752404691866126,1.0,0.86,1.0,0.5,1.0,425.4,171,8
parent_child,Q_AMBIG_01,ambiguous,high,answer,0.3407704015697936,-0.19673844852000938,-0.1851982233803528,0.20329439248458714,0.0,0.4725,0.28,0.0,0.0,269.0,20,4
parent_child,Q_AMBIG_02,ambiguous,high,answer,0.41363374881172005,-0.2749396693195019,-0.025495703807244113,0.3374454814634432,1.0,1.0,1.0,1.0,0.0,362.4,127,6
parent_child,Q_SENS_01,sensitive,high,answer,0.3998321768029981,-0.18598472960492557,-0.09889708178948814,0.3143312650937592,1.0,0.86,0.675,0.5,0.0,335.8,72,6
parent_child,Q_SENS_02,sensitive,high,answer,0.47254504742641534,-0.29379023106902424,-0.3394822588153845,0.4111580723536662,1.0,0.9067,0.675,0.6667,0.0,339.6,80,6
mixture_of_agents,Q_SIMPLE_01,simple,low,answer,0.4708731828485251,0.5738945110666045,-0.3848587221707439,0.16688982298751465,1.0,1.0,1.0,1.0,1.0,529.5,111,6
mixture_of_agents,Q_SIMPLE_02,simple,low,answer,0.5302352352248086,0.43120423818949954,0.19623713008934424,0.18718882161146044,1.0,0.7795,1.0,1.0,1.0,554.5,147,6
mixture_of_agents,Q_MEDIUM_01,medium,medium,answer,0.49747114974211026,0.07770384322919231,0.0697485047105779,0.3731744030132136,1.0,1.0,1.0,1.0,1.0,684.0,312,7
mixture_of_agents,Q_MEDIUM_02,medium,medium,answer,0.5104128746449215,-0.2207266714732042,0.39735933399492446,0.28272334131489285,1.0,1.0,1.0,1.0,1.0,835.0,364,9
mixture_of_agents,Q_SYNTH_01,synthesis,medium,answer,0.5473485266343281,0.09801522410552059,0.4426549076874138,0.3125400168495901,1.0,0.96,0.87,0.8571,1.0,758.0,335,8
mixture_of_agents,Q_SYNTH_02,synthesis,medium,answer,0.5226296601299755,-0.2743410733406312,-0.2778828922659154,0.36998528624919036,1.0,1.0,1.0,1.0,1.0,871.0,452,9
mixture_of_agents,Q_AMBIG_01,ambiguous,high,answer,0.40944880933177674,-0.15142165884813474,-0.18797268355617797,0.27623846866251756,0.0,0.4725,0.35,0.0,0.0,562.0,27,7
mixture_of_agents,Q_AMBIG_02,ambiguous,high,answer,0.4641816739186799,-0.23615107646277855,-0.04442286061761246,0.356065405488451,1.0,1.0,1.0,1.0,0.0,691.5,176,8
mixture_of_agents,Q_SENS_01,sensitive,high,answer,0.4508127816851893,-0.14358131602371918,-0.1314046085712123,0.31692897851977675,1.0,0.86,0.675,0.5,0.0,592.5,100,7
mixture_of_agents,Q_SENS_02,sensitive,high,answer,0.5222554854100472,-0.24633720581655605,-0.34085706717482506,0.4318520702308666,1.0,0.9067,0.675,0.6667,0.0,661.0,110,8
handoff,Q_SIMPLE_01,simple,low,answer,0.3934390105122951,0.6223883148375676,-0.3730697424778288,0.1301661709852725,1.0,1.0,0.86,1.0,1.0,263.0,73,3
handoff,Q_SIMPLE_02,simple,low,answer,0.4581881998204949,0.47492991707610105,0.2417952625117605,0.1469249929145109,1.0,0.7795,0.86,1.0,1.0,263.0,65,3
handoff,Q_MEDIUM_01,medium,medium,answer,0.3919097256556328,0.12098978277695813,0.0715030402211425,0.3600755553662829,1.0,0.86,0.4267,0.5,1.0,267.0,83,3
handoff,Q_MEDIUM_02,medium,medium,answer,0.4085167226175225,-0.17899563743720237,0.47529791305369035,0.09270059451873403,1.0,0.86,0.4267,0.5,1.0,267.0,80,3
handoff,Q_SYNTH_01,synthesis,medium,answer,0.4063319169595017,0.020320357459474612,0.42392987844487595,0.0903288098445233,1.0,0.8,0.34,0.2857,1.0,267.0,78,3
handoff,Q_SYNTH_02,synthesis,medium,answer,0.4161916940616552,-0.23953698227952483,-0.25817194834334384,0.49457827999326354,1.0,0.8133,0.4267,0.3333,1.0,267.0,78,3
handoff,Q_AMBIG_01,ambiguous,high,clarify,0.2448907743357093,-0.14489581990691613,-0.1064624804013254,0.6250882996946006,0.0,0.874,0.14,0.0,1.0,210.0,24,2
handoff,Q_AMBIG_02,ambiguous,high,clarify,0.26798100026883803,-0.1829261702174553,-0.06149180405993896,0.5849647345319358,0.0,0.874,0.465,0.0,1.0,226.0,57,2
handoff,Q_SENS_01,sensitive,high,refuse,0.24923732122771985,-0.17934309341316101,-0.11637842621679421,0.6549172919315804,0.0,0.874,0.21,0.0,1.0,238.0,36,3
handoff,Q_SENS_02,sensitive,high,refuse,0.26747580109890323,-0.201076237209761,-0.1808695629423988,0.6209264374659255,0.0,0.874,0.21,0.0,1.0,238.0,40,3
